channel,variant_p,functional_effect,reference,primary_disease,decision_rule_paralogues,gradient_boosting_prediction,gradient_boosting_score,phenotype_terms,mkl_prediction,mkl_score
SCN5A,V281A,LOF,2,BrS,,LOF,0.60,ORPHA:130,LOF,0.89
SCN5A,L1582P,LOF,2,BrS,,LOF,0.81,ORPHA:130,LOF,0.79
SCN5A,F543L,LOF,2,BrS,,GOF,0.52,ORPHA:130,LOF,0.73
SCN5A,K1419E,LOF,2,BrS,,LOF,0.60,ORPHA:130,LOF,0.87
SCN5A,L1412F,LOF,3,ERS,,LOF,0.66,HP:0031546,LOF,0.66
SCN5A,G452C,LOF,3,ERS,,LOF,0.68,HP:0031546,LOF,0.62
SCN5A,R893C,LOF,5,BrS,"SCN1A p.R946C: LOF, SCN1A p.R946H: LOF, SCN2A p.R937C: LOF, SCN2A p.R937H: LOF",LOF,0.75,ORPHA:130,LOF,0.87
SCN5A,L846R,LOF,5,BrS,,GOF,0.51,ORPHA:130,LOF,0.78
SCN5A,G897E,LOF,5,BrS,,LOF,0.65,ORPHA:130,LOF,0.83
SCN5A,R878H,LOF,5,BrS,,LOF,0.78,ORPHA:130,LOF,0.86
SCN5A,G1743E,LOF,5,BrS,SCN5A p.G1743R: LOF,LOF,0.79,ORPHA:130,LOF,0.81
SCN5A,G1481V,GOF,7,LQT3,"SCN4A p.G1306E: GOF, SCN8A p.G1745R: GOF",GOF,0.79,OMIM:603830,GOF,0.80
SCN5A,Q1491H,GOF,7,LQT3,,GOF,0.66,OMIM:603830,GOF,0.82
SCN5A,V1667D,LOF,8,BrS,,GOF,0.53,ORPHA:130,LOF,0.72
SCN5A,R104W,LOF,10,BrS,"SCN4A p.R104H: LOF, SCN5A p.R104Q: LOF",LOF,0.82,ORPHA:130,LOF,0.89
SCN5A,P1310L,LOF,11,BrS,,GOF,0.86,ORPHA:130,LOF,0.86
SCN5A,G1712S,LOF,14,BrS,SCN10A p.G1662S: GOF,LOF,0.72,ORPHA:130,LOF,0.84
