group,patient,variant,function_call,location,CADD,REVEL,ACMG_significance,inheritance,sex,age_at_seizure_onset,initial_seizure_type,triggers,other_seizure_types,contractures_bone_fractures,movement_disorder_onset,family_history,age_at_last_followup,development_delay_onset,EEG,MRI,seizure_outcome,seizure_free,seizure_reduction,no_effect,worsening,reference
NDEEMA,1,p.T162I,GOF,D1S2,28.7,0.964,LP,de novo,Male,1 d,"T, AP",Environ. stimuli; not fever,"T, eyelid M, F, AtA, HC, SE, NCSE",Cong. 4 limb AGP,"Hypertonia (birth), chorea, hyperkinesia (10 m)",,2 y 6 m,"Global delay (birth), profound ID, NV, NA, no microcephaly","MFD, migrating, GSW, NCSE",Normal 3 m & 6 m,Intractable,,"OXC, PHT, TPM","VPA, PHB, CLB, LTG, STP, FEN, ESM, KD",No,This study
NDEEMA,2,p.S228P,GOF,D1S4,28.1,0.957,LP,de novo,Male,1 d,T,Environ. stimuli; fever,"HC, Ab, F, BTC, M, SE","Multiple, hip dysplasia, talipes","Hypertonia (birth), hyperkinesia, chorea, myoclonus (20 m)",,6 y,"Global delay (birth), profound ID, NV, NA","FD, GSW",Normal neonatal; cortical atrophy 2 y,Intractable,,CBZ,"PHB, CZP, TPM, AZM, PHT, LEV, STP, VPA, NZP, KD, FBM",Not reported,Spagnoli (2019)
NDEEMA,3,p.V229L,GOF,D1S4,27.6,0.824,LP,de novo,Male,2 d,"T, AP",Environ. stimuli; fever; illness,"eyelid M, T, HC, IS, AtA, GTC, CSWS/NCSE",Cong. 4 limb AGP,"Hypotonia, hyperkinesia, chorea, myoclonus (3 m)",,2 y 6 m,"Global delay (birth), profound ID, NV, NA, no microcephaly","MFD, GSW, HypsA, CSWS",Normal 6 m,Intractable,,"PHT, PHB, VPA","PHB, VPA",STP,This study
NDEEMA,4,p.I236V,GOF,D1S4-5 linker,25.6,0.813,P,de novo,Female,1 d,"T, AP",Environ. stimuli; fever; illness,"IS, AtA, T, M, SE, CSWS/NCSE","Cong. 4 limb AGP, bone fractures, metab. acidosis",UL myoclonus (1-2 y),,2 y,"Global delay (birth), profound ID, NV, NA, no microcephaly, severe feed intolerance","Focal and bilateral spikes, CSWS",Normal 1 m,Intractable (increased Sz with CBZ wean),,"CBZ, LAC, STP, TPM","CLB, LEV, VPA, PER, KD",CLB -> apnoea in first year,This study
NDEEMA,5,p.I236T,GOF,D1S4-5 linker,27.2,0.975,LP,de novo,Male,,,,,LL AGP (in utero 24 w),,,Deceased (in utero),,,,,,,,,Jaber (2020)
NDEEMA,6,p.L247V,GOF,D1S4-5 linker,24.8,0.949,LP,de novo,Female,2 d,"T, AP",Environ. stimuli; not fever,"T, M, GTC, clusters, SE, F, HC, eyelid M, NCSE, CSWS","LL AGP, bone fractures, metab. acidosis",Chorea (first weeks of life),,7 y,"Sitting 7 m, regression from 14 m, profound ID, NV, NA, no microcephaly","MFD, FD, CSWS",Normal 22 m & 4 y,Intractable,,"OXC, AZM","CLB, FEN, CBD, LEV, PHB, CZP, VPA, ESM, STP, KD",No,This study
NDEEMA,7,p.I883T,GOF,D2S4-5 linker,24.9,0.982,LP,de novo,Female,1 d,"T, AP",Environ. stimuli; not fever,T GTC with dysautonomia,"Cong. 4 limb AGP, bone fractures",Hypotonia (birth),,5 m,"Significant gross and fine motor delay (birth), no microcephaly",MFD,Normal 2 m,Intractable,,LAC,"CBD, LEV, PHB",No,This study
NDEEMA,8,p.L893F,GOF,D2S5,14.73,0.801,LP,de novo,Male,2 d,Not specified,Not known,Not specified,Cong. 4 limb AGP,Hypotonia (birth),,Deceased age 21 d,Global delay (birth),"Focal sharp waves, MFD",Normal neonatal,Intractable,,,"PHB, PHT, CZP",Not reported,Jaber (2020)
NDEEMA,9,p.A989T,GOF,D2S6,29.4,0.962,LP,de novo,Male,,,,,UL AGP (in utero 25 w),,,Deceased (in utero),,,,,,,,,Jaber (2020)
NDEEMA,10,p.A1339D,GOF,D3S4-5 linker,28.7,0.97,LP,de novo,Male,1 d,"T, AP",Not fever,"T, HC, SE, GTC, F, AtA",Cong. 4 limb AGP,"Hypotonia (2 m), myoclonus",,2 y 6 m,"Sitting 9 m, regression at 2 y, walking with support, severe ID, NV, no microcephaly","MFD, FD, no CSWS",Normal 2 m,Intractable,,"PHT, PHB, OXC","LEV, TPM, FEN, CBD, KD",No,This study
NDEEMA,11,p.P1345L,GOF,D3S4-5 linker,29.4,0.962,LP,de novo,Female,1 d,Not specified,Not specified,MPS,Cong. 4 limb AGP,Not specified,,Not specified,Profound ID,MFD,Not specified,Not specified,,Not specified,Not specified,Not specified,Trump (2016)
NDEEMA,12,p.S1346P,GOF,D3S4-5 linker,27.6,0.96,LP,de novo,Female,1 d,T,Environ. stimuli; not fever,"HC, eyelid M, ES, AtA, NCSE",Cong. 4 limb AGP,"Hypertonia (birth), hyperkinesia, chorea (15 m)",,3 y 6 m,"Global regression (15 m), profound ID, NV, NA, no microcephaly","MFD, FD, HypsA, GSW",Normal 8 m,Intractable,,"OXC, LAC, ZNS, ACTH, PER","PHB, LEV, CZP, VGB, PER, CLB, BRV, STP, KD",No,This study
NDEEMA,13,p.I1347V,GOF,D3S5,25.1,0.889,LP,de novo,Female,3 d,T,Not stimuli; not fever,"GTC, T, eyelid M, M, CSWS","Cong. 4 limb AGP, bone fractures, metab. acidosis",Hyperkinesia (2 y),,6 y,"Crawling 1 y then regression, profound ID, NV, NA","GSW, CSWS",Normal 1 y,Intractable,,"VPA, LEV, CBD; OXC (3 w only, stopped due to rash -> no GTC Sz but too early to comment)",,,This study
EIDEE/MD,14-21,p.T226M,GOF/Mixed,D1S4,27.2,0.917,P,de novo,Male (6) / Female (2),6-12 w,"HC, TC, SE, ES",Environ. stimuli; fever; feeding; bowel movement,"HC, TC, T, SE, Ab, M, F, ES, NCSE",,"Hyperkinesia, dystonia, chorea, myoclonus, hypotonia, ataxia, nystagmus (9 w-20 m)",,1-10 y; one child died 10 y (SUDEP),"Profound ID, NV, NA (6 w-4 m)","MFD, PSW, FD, GSW, CSWS","Small hippocampi, atrophy, dysm. corpus callosum",Intractable,,,"PHB, VPA, CBZ, PHT, LEV, AZM, LTG, CZP, VGB, PER, CLB, BRV, TPM, STP, CBD, NZP, KD",No,Sadleir (2017)
EIDEE/MD,22,p.T226M,GOF/Mixed,D1S4,27.2,0.917,P,de novo,Male,1-2 m,"T, M",Fever,"T, F, M, NCSE",,"Hyperkinesia, chorea and multifocal myoclonus (2 y)",,3 y 10 m,"Profound ID, NV, NA (2-3 m), no microcephaly","MFD, FD, diffuse slowing, GSW, NCSE",Normal 2 m,Intractable,,VPA,"LEV, CBD, CLB",No,This study
EIDEE/MD,23,p.T226M,GOF/Mixed,D1S4,27.2,0.917,P,de novo,Female,2 m,"HC, T, AP",No,"T, AP, F, M, HC",,"Hyperkinesia, dystonia, chorea, myoclonus (birth)",,2 y 11 m,"Profound ID, NV, NA (2 m), acquired microcephaly","MFD, HypsA, slow background",Normal 2 m,Intractable,,LEV,"CBZ, OXC, VGB, CZP",No,This study
EIDEE/MD,24,p.A420V,GOF,D1S6,28.7,0.95,LP,de novo,Male,3 m,"F, AP, eyelid M",Not fever; illness,"Eyelid M, F, M, HC, GTC, SE, MMPSI, T, NCSE",,"Hyperkinesia, chorea, dystonia, hypotonia, myoclonia (1 y)",,15 y,"Profound ID, NV, NA (3 m then regression), microcephaly","GSW, MFD, focal","Normal 8 m, 13 m and 4 y",Intractable,,"LEV, STP, PHT (SE)","VPA, VGB, TPM, CZP, CLB, LTG, CBZ (only days)",No,This study
EIDEE/MD,25,p.V422L,GOF,D1-2 linker,26.8,0.885,LP,de novo,Female,2 m,T,Fever; illness,"HC, GTC, SE",,"Hyperkinesia, chorea, myoclonus (6 m)",,6 y,"Profound ID, NV, NA (2-3 m)","MFD, FD","3 m, 1 y, 3 y, 6 y progressive cortical atrophy",Intractable,,"VPA, LTG, TPM, BRO","CBZ, CLB, CZN, PHB, ZON, LEV, STP",Not reported,Ohashi (2014)
EIDEE/MD,26,p.P1345S,GOF,D3S4-5 linker,26.9,0.939,LP,de novo,Male,6-8 w,"ES, HC",Environ. stimuli,"TC, ES, M, Ab, SE, F, T",,"Hyperkinesia, chorea, myoclonia (11 m)",,17 y,"Profound ID, 2 single words, NA (2 m)","MFD, GSW, bifrontal SW","Small hippocampi, dysm. corpus callosum",Intractable,,,"CBZ, PHB, VGB, VPA, PHT, CLB, LTG, LEV, KD, CBD",No,Sadleir (2017)
DEE,27,p.V1481I,GOF,D3-4 linker,26.3,0.893,LP,de novo,Male,3-5 m,"T, GTC",Not fever,"GTC, F, no SE",,,,7 y,"Delay (6 m), ambulant, severe ID, behavioural problems, ASD features, no microcephaly",L CP single & grouped spikes during wake & sleep (SWI 10-20%),Normal 1 y,Sz free (increased Sz with CBZ wean; responsive to OXC & LTG),"CBZ, OXC, LTG",,"VPA & CLB (-> drowsy & ataxic), BRO",No,This study
EIDEE/MD,28,p.I1483M,GOF,D3-4 linker,23.4,0.841,LP,de novo,Female,2 w,"T, F",Not fever,"F, T, GTC, HC, At, M, SE",,"Hypotonia (birth), later intermittent dystonia (1 y)",,Deceased 13 y (LRTI),"Profound ID, NV, NA (6 m then regression), acquired microcephaly","MFD, FD (2 y)","Normal 6 m, 2.5 y and 10 y",Intractable,,"CBZ, PHT (SE)","VPA, PHB, TPM, LTG, ZON, CLB, STP",No,This study
EIDEE/MD,29,p.I1498T,GOF,D3-4 linker,26,0.9,P,de novo,Male,2 w,"T, AP",Immunisation,"T, F",,Hypertonia (4 m),,Deceased 5 m (SIDS),"Delay, poor head control (4 m)","Bilateral fast, ictal bradycardia",Normal 1 m and 2.5 m,Sz free (relapse with immunisation),CBZ,,,,This study
EIDEE/MD,30,p.R1636Q,GOF,D4S4,31,0.96,P,unknown,Female,3 m,"T, AP",Not fever,"Eyelid M, F, T, GTC, NCSE",,"Hypotonia, chorea of UL, myoclonus (1 y)",,Deceased 8 y (abdomen sepsis),"Profound ID, NV, NA (2.5 y then regression), acquired microcephaly, bone fractures","GSW, PSW, NCSE",Normal 5 m and 1.5 y; mild atrophy 5 y,Intractable,,"CLB, CBZ, PHT, VPA","TPM, KD",No,This study
EIDEE/MD,31,p.R1636Q,GOF,D4S4,31,0.96,P,de novo,Male,2 m,"GTC, C",Illness; rarely fever,"Eyelid M, GTC, F, T, M, SE, AP, EPC",,"Dystonia, dyskinesia (7 y)",,11 y,"Delay (1 y), profound ID, NV, NA (7 y then regression), acquired microcephaly","GSW, FD, EPC",Normal 2 y and 5 y,Intractable,,"STP, CLB","LEV, FEN, CBZ, PHT",No,This study
EIDEE/MD,32,p.R1636Q,GOF,D4S4,31,0.96,P,de novo,Female,10 w,GTC,Fever,"M, HC, T, GTC, SE, At, NCSE",,"Hypotonia, dyskinesia of right UL (2 y)",,23 y,"Delay (1-2 y), severe ID (5 y then regression), no microcephaly","MFD, CSWS",Normal 3 y and 6 y,Intractable (increased Sz with CBZ wean; very responsive to PHT),,"CBZ, PHT","CBD, BRO",LTG (increased Sz if >=2.5 mg/kg/d),This study
EIDEE/MD,33,p.R1636Q,GOF,D4S4,31,0.96,P,de novo,Male,3 w,GTC (SE),Not fever,"GTC, SE, Ab, AtA, At, T, F, IS, M, HC, NCSE",,"Hypotonia, right UL weakness & posturing (18 m), ataxic (2.5 y), crouch gait (6 y), wheelchair bound (20 y)",,Deceased 20 y (probable SUDEP),"Delay (1-2 y), severe ID, single words (18 m & 5 y then regression after SE), NV age 20 y, no microcephaly","MFD, FD, CSWS (8 y)",Normal 5 y and 18 y,Intractable,,"CLB (increased dose regression), LTG, GBP, PHT (increased dose gum hypertrophy), VPA","CZP (sedation), VPA, VGB, CBZ (increased dose ataxia)",No,This study / Harkin (2007)
EIDEE/MD,34,p.R1636Q,GOF,D4S4,31,0.96,P,de novo,Male,2 m,"GTC, F",Not fever,"GTC, SE, T, F, HC",,"Head tremor (2 y), intermittent ataxia",,5 y,"Delay (1-2 y), severe ID, single words, ambulant, ASD features, no microcephaly","MFD, FD",Normal 1.5 y,Initially Sz free on OXC then VPA added due to recurrence,OXC,VPA,,,This study
EIDEE/MD,35,p.A1669E,GOF,D4S4-5 linker,24.5,0.942,LP,"paternal -ve, maternal n/a",Female,10 w,HC,Not reported,"HC, MF, AP, SE, F, M",,Hypotonia,,Deceased 9 m (clinical worsening),"Mild early delay (7 m then regression), encephalopathy, acquired microcephaly","MFD, migrating pattern",Normal 10 w; 5 m right HC diffusion change; atrophy 7 m,Intractable,,PHB,"VPA, TPM, LEV, LZP, CLB, RUF, STP, VGB, FEL, steroids, IVIG, PHT (unable to interpret due to polypharmacy)",Not reported,Freilich (2011)
FHM3,36,p.L263V,GOF,D1S5,22.9,0.772,P,paternal / familial,,4-8 y GTC Sz; 10-18 y HM,,,"GTC, F",,,Large pedigree,"12-59 y, multiple individuals",,Normal,Normal,Sz and HM attack free,CBZ,,,,Castro (2009)
FHM3,37,p.Q1489H,GOF,D3-4 linker,23,0.777,P,maternal / familial,,6 y-adolescence F->gen Sz; adolescence HM,,,F->gen,,,Large pedigree,"12-43 y, multiple individuals",,GSW->Normal,Normal,Sz and HM attack reduction,,"VPA, PHT, PHB",,,"LeFort (2004), Vahedi (2009)"
FHM3,38,p.Q1489K,GOF,D3-4 linker,26.9,0.936,P,familial,,6-21 y HM,,,Not reported,,,Large pedigree,"15-69 y, multiple individuals",,,Not reported,,,,,,Dichgans (2005)
FHM3,39,p.I1498M,GOF,D3-4 linker,26.8,0.579,P,paternal / familial,,11-15 y HM,,,Not reported,,,Large pedigree,"33-79 y, multiple individuals",,,Normal,,,,,,Weller (2014)
FHM3,40,p.F1499L,GOF,D3-4 linker,27.6,0.898,P,maternal / familial,,6-14 y HM,,,Not reported,,,Large pedigree,"18-55 y, multiple individuals",,,Normal,,,,,,Vahedi (2009)
FHM3,41,p.M1500V,GOF,D3-4 linker,24.2,0.883,P,paternal / familial,,22 y HM,,,Not reported,,,Large pedigree,40 y,,,Not reported,,,,,,Domitrz (2016)
FHM3,42,p.L1624P,GOF,D4S3-4 linker,28.9,0.907,P,maternal / familial,,5-8 y HM,,,Not reported,,,Large pedigree,"10-58 y, multiple individuals",,Normal,Normal,,,,,,Fan (2016)
FHM3,43,p.L1649Q,GOF,D4S4,27.8,0.985,P,paternal / familial,,10-24 y HM,,,Not reported,,,Large pedigree,51 y,,,Not reported,,,,,,Vanmolkot (2007)
FHM3,44,p.F1661L,GOF,D4S4-5 linker,28.5,0.975,P,maternal / familial,,9-20 y HM,,,Not reported,,,Large pedigree,"20-86 y, multiple individuals",,,Not reported,,,,,,Weller (2014)
FHM3,45,p.L1670W,GOF,D4S5,24.5,0.95,P,paternal / familial,,12-17 y HM,,,Not reported,,,Large pedigree,"26-69 y, multiple individuals",,,Normal,HM attack free,VPA,,,,Dhifallah (2018)
FHM3,46,p.F1774S,GOF,D4S6,29.6,0.917,P,de novo,,2.5 y HM,,,Not reported,,,No,19 y,,SW spread during HM attack,Normal,HM attacks ongoing despite TPM treatment,,,,,Chastan (2016)
